INSERT INTO products (id, type, price, published, created_at, updated_at) VALUES
(1, 'phones', 12000, true, NOW(), NOW()),
(2, 'phones', 34000, true, NOW(), NOW()),
(3, 'phones', 22000, true, NOW(), NOW()),
(4, 'phones', 45000, true, NOW(), NOW()),
(5, 'phones', 112000, true, NOW(), NOW()),
(6, 'phones', 3600, true, NOW(), NOW()),
(7, 'phones', 21400, true, NOW(), NOW()),
(8, 'phones', 34600, true, NOW(), NOW()),
(9, 'phones', 9800, true, NOW(), NOW()),
(10, 'phones', 34500, true, NOW(), NOW()),
(11, 'phones', 89000, true, NOW(), NOW()),
(12, 'phones', 21000, true, NOW(), NOW()),
(13, 'phones', 11000, true, NOW(), NOW()),
(14, 'phones', 6000, true, NOW(), NOW()),
(15, 'phones', 8000, true, NOW(), NOW()),
(16, 'phones', 10000, true, NOW(), NOW()),
(17, 'phones', 45000, true, NOW(), NOW()),
(18, 'phones', 132000, true, NOW(), NOW()),
(19, 'phones', 112000, true, NOW(), NOW()),
(20, 'phones', 154000, true, NOW(), NOW()),
(21, 'phones', 32000, true, NOW(), NOW()),
(22, 'phones', 6000, true, NOW(), NOW()),
(23, 'phones', 8700, true, NOW(), NOW()),
(24, 'phones', 8900, true, NOW(), NOW()),
(25, 'phones', 10999, true, NOW(), NOW()),
(26, 'tablets', 33000, true, NOW(), NOW()),
(27, 'tablets', 30000, true, NOW(), NOW()),
(28, 'tablets', 40000, true, NOW(), NOW()),
(29, 'tablets', 50000, true, NOW(), NOW()),
(30, 'tablets', 60000, true, NOW(), NOW()),
(31, 'tablets', 70000, true, NOW(), NOW()),
(32, 'tablets', 80000, true, NOW(), NOW()),
(33, 'tablets', 120000, true, NOW(), NOW()),
(34, 'tablets', 140000, true, NOW(), NOW()),
(35, 'tablets', 130000, true, NOW(), NOW()),
(36, 'parts', 500, true, NOW(), NOW()),
(37, 'parts', 400, true, NOW(), NOW()),
(38, 'parts', 200, true, NOW(), NOW()),
(39, 'parts', 500, true, NOW(), NOW()),
(40, 'parts', 1100, true, NOW(), NOW()),
(41, 'parts', 3200, true, NOW(), NOW()),
(42, 'parts', 600, true, NOW(), NOW()),
(43, 'parts', 700, true, NOW(), NOW()),
(44, 'parts', 800, true, NOW(), NOW()),
(45, 'parts', 900, true, NOW(), NOW());

INSERT INTO phones (product_id, name, model, color, processor, ram, storage, display_size,description) VALUES
(1, 'Apple', 'iPhone 14 Pro Max', 'Gold', 'A16 Bionic', 8, 512, 5.6, 'Lorem ipsum dolor sit amet, consectetur adipiscing elit. Sed turpis dolor, tincidunt eget est id, sollicitudin feugiat nulla. Integer pharetra augue vel vehicula vehicula. Nunc.'),
(2, 'Samsung', 'Galaxy S23 Ultra', 'Black', 'Snapdragon 8 Gen 2', 12, 1024, 4.1, 'Lorem ipsum dolor sit amet, consectetur adipiscing elit. Sed turpis dolor, tincidunt eget est id, sollicitudin feugiat nulla. Integer pharetra augue vel vehicula vehicula. Nunc.'),
(3, 'Xiaomi', 'Mi 13 Pro', 'White', 'Snapdragon 8 Gen 2', 12, 512, 6.6, 'Lorem ipsum dolor sit amet, consectetur adipiscing elit. Sed turpis dolor, tincidunt eget est id, sollicitudin feugiat nulla. Integer pharetra augue vel vehicula vehicula. Nunc.'),
(4, 'Google', 'Pixel 7 Pro', 'Lemongrass', 'Tensor G2', 12, 256, 6.7, 'Lorem ipsum dolor sit amet, consectetur adipiscing elit. Sed turpis dolor, tincidunt eget est id, sollicitudin feugiat nulla. Integer pharetra augue vel vehicula vehicula. Nunc.'),
(5, 'OnePlus', '11T', 'Green', 'Dimensity 9000+', 16, 512, 5.4, 'Lorem ipsum dolor sit amet, consectetur adipiscing elit. Sed turpis dolor, tincidunt eget est id, sollicitudin feugiat nulla. Integer pharetra augue vel vehicula vehicula. Nunc.'),
(6, 'Huawei', 'P60 Pro', 'Silver', 'Kirin 9000E', 8, 256, 4.8, 'Lorem ipsum dolor sit amet, consectetur adipiscing elit. Sed turpis dolor, tincidunt eget est id, sollicitudin feugiat nulla. Integer pharetra augue vel vehicula vehicula. Nunc.'),
(7, 'Oppo', 'Find X6 Pro', 'Blue', 'Snapdragon 8 Gen 2', 16, 512, 4.5, 'Lorem ipsum dolor sit amet, consectetur adipiscing elit. Sed turpis dolor, tincidunt eget est id, sollicitudin feugiat nulla. Integer pharetra augue vel vehicula vehicula. Nunc.'),
(8, 'Vivo', 'X90 Pro Plus', 'Red', 'Snapdragon 8+ Gen 1', 12, 512, 4.4, 'Lorem ipsum dolor sit amet, consectetur adipiscing elit. Sed turpis dolor, tincidunt eget est id, sollicitudin feugiat nulla. Integer pharetra augue vel vehicula vehicula. Nunc.'),
(9, 'Realme', 'GT Neo5 SE', 'Purple', 'Dimensity 8100-Ultra', 12, 256, 5.2, 'Lorem ipsum dolor sit amet, consectetur adipiscing elit. Sed turpis dolor, tincidunt eget est id, sollicitudin feugiat nulla. Integer pharetra augue vel vehicula vehicula. Nunc.'),
(10, 'Motorola', 'Edge 30 Fusion', 'Gray', 'Snapdragon 778G+', 8, 256, 7.6, 'Lorem ipsum dolor sit amet, consectetur adipiscing elit. Sed turpis dolor, tincidunt eget est id, sollicitudin feugiat nulla. Integer pharetra augue vel vehicula vehicula. Nunc.'),
(11, 'Asus', 'ROG Phone 6D Ultimate', 'Black', 'Dimensity 9000+', 16, 512, 7.5, 'Lorem ipsum dolor sit amet, consectetur adipiscing elit. Sed turpis dolor, tincidunt eget est id, sollicitudin feugiat nulla. Integer pharetra augue vel vehicula vehicula. Nunc.'),
(12, 'Nokia', 'G60', 'Cyan', 'Snapdragon 695', 6, 128, 3.3, 'Lorem ipsum dolor sit amet, consectetur adipiscing elit. Sed turpis dolor, tincidunt eget est id, sollicitudin feugiat nulla. Integer pharetra augue vel vehicula vehicula. Nunc.'),
(13, 'Honor', 'Magic Vs', 'Pink Gold', 'Snapdragon 8+ Gen 1', 12, 512, 5.5, 'Lorem ipsum dolor sit amet, consectetur adipiscing elit. Sed turpis dolor, tincidunt eget est id, sollicitudin feugiat nulla. Integer pharetra augue vel vehicula vehicula. Nunc.'),
(14, 'ZTE', 'Axon 40 Ultra', 'Black', 'Snapdragon 8 Gen 1', 12, 512, 8.0, 'Lorem ipsum dolor sit amet, consectetur adipiscing elit. Sed turpis dolor, tincidunt eget est id, sollicitudin feugiat nulla. Integer pharetra augue vel vehicula vehicula. Nunc.'),
(15, 'LG', 'Velvet 5G', 'Blue', 'Snapdragon 765G', 8, 128, 7.3, 'Lorem ipsum dolor sit amet, consectetur adipiscing elit. Sed turpis dolor, tincidunt eget est id, sollicitudin feugiat nulla. Integer pharetra augue vel vehicula vehicula. Nunc.'),
(16, 'Sony', 'Xperia 1 IV', 'Green', 'Snapdragon 8 Gen 1', 12, 512, 6.7, 'Lorem ipsum dolor sit amet, consectetur adipiscing elit. Sed turpis dolor, tincidunt eget est id, sollicitudin feugiat nulla. Integer pharetra augue vel vehicula vehicula. Nunc.'),
(17, 'HTC', 'Desire 22 Pro', 'Midnight Black', 'Snapdragon 695', 6, 128, 6.4, 'Lorem ipsum dolor sit amet, consectetur adipiscing elit. Sed turpis dolor, tincidunt eget est id, sollicitudin feugiat nulla. Integer pharetra augue vel vehicula vehicula. Nunc.'),
(18, 'Lenovo', 'Legion Y90', 'Phantom Black', 'Snapdragon 8 Gen 1', 16, 512, 6.2, 'Lorem ipsum dolor sit amet, consectetur adipiscing elit. Sed turpis dolor, tincidunt eget est id, sollicitudin feugiat nulla. Integer pharetra augue vel vehicula vehicula. Nunc.'),
(19, 'Meizu', '18s Pro', 'Sky Blue', 'Exynos 2100', 8, 256, 6.7, 'Lorem ipsum dolor sit amet, consectetur adipiscing elit. Sed turpis dolor, tincidunt eget est id, sollicitudin feugiat nulla. Integer pharetra augue vel vehicula vehicula. Nunc.'),
(20, 'Infinix', 'Note 12 VIP', 'Matte Green', 'Helio G96', 8, 128, 4.5, 'Lorem ipsum dolor sit amet, consectetur adipiscing elit. Sed turpis dolor, tincidunt eget est id, sollicitudin feugiat nulla. Integer pharetra augue vel vehicula vehicula. Nunc.'),
(21, 'Tecno', 'Spark Go 2023', 'Moonlight White', 'Unisoc T616', 4, 64, 5.6, 'Lorem ipsum dolor sit amet, consectetur adipiscing elit. Sed turpis dolor, tincidunt eget est id, sollicitudin feugiat nulla. Integer pharetra augue vel vehicula vehicula. Nunc.'),
(22, 'IQOO', 'Neo 7', 'Geometric Black', 'Dimensity 8100', 8, 256, 6.5, 'Lorem ipsum dolor sit amet, consectetur adipiscing elit. Sed turpis dolor, tincidunt eget est id, sollicitudin feugiat nulla. Integer pharetra augue vel vehicula vehicula. Nunc.'),
(23, 'Black Shark', '5 RS', 'Glacier Black', 'Snapdragon 888', 12, 256, 5.4, 'Lorem ipsum dolor sit amet, consectetur adipiscing elit. Sed turpis dolor, tincidunt eget est id, sollicitudin feugiat nulla. Integer pharetra augue vel vehicula vehicula. Nunc.'),
(24, 'POCO', 'F5 Lite', 'Ice Silver', 'Snapdragon 695', 6, 128, 4.5, 'Lorem ipsum dolor sit amet, consectetur adipiscing elit. Sed turpis dolor, tincidunt eget est id, sollicitudin feugiat nulla. Integer pharetra augue vel vehicula vehicula. Nunc.'),
(25, 'YotaPhone', '3rd Edition', 'Graphite Gray', 'Snapdragon 660', 4, 64, 4.5, 'Lorem ipsum dolor sit amet, consectetur adipiscing elit. Sed turpis dolor, tincidunt eget est id, sollicitudin feugiat nulla. Integer pharetra augue vel vehicula vehicula. Nunc.');

INSERT INTO tablets (product_id, name, model, color, processor, ram, storage, display_size, description) VALUES
(26, 'Apple', 'iPad Air', 'Space Grey', 'Apple M1', 8, 256, 10.9, 'Планшет с мощным чипом Apple M1 и ярким дисплеем.'),
(27, 'Samsung', 'Galaxy Tab S8', 'Graphite', 'Snapdragon 888', 8, 128, 11.0, 'Планшет с тонкими рамками и мощной производительностью.'),
(28, 'Microsoft', 'Surface Pro 8', 'Platinum', 'Intel Core i5', 16, 512, 13.0, 'Премиальный планшет с возможностью подключения клавиатуры.'),
(29, 'Amazon', 'Fire HD 10', 'Black', 'Mediatek MT8183', 3, 32, 10.1, 'Доступный планшет с большим экраном и поддержкой приложений Amazon.'),
(30, 'Google', 'Pixel Slate', 'Just Black', 'Intel Core m3', 8, 128, 12.3, 'Планшет на Chrome OS с поддержкой стилуса.'),
(31, 'Lenovo', 'Tab P11 Pro', 'Arctic Silver', 'Qualcomm Snapdragon 730G', 6, 128, 11.5, 'Производительный планшет с качественной камерой и стереодинамиками.'),
(32, 'ASUS', 'ZenPad 3S 10', 'Dark Grey', 'MediaTek Helio X20', 4, 64, 9.7, 'Легкий и компактный планшет с качественным звуком.'),
(33, 'HUAWEI', 'MatePad Pro', 'Silver Frost', 'HiSilicon Kirin 990', 8, 256, 10.8, 'Планшет премиум-класса с фирменной оболочкой EMUI.'),
(34, 'SONY', 'Xperia Tablet Z', 'Black', 'Qualcomm Snapdragon S4 Pro', 2, 32, 10.1, 'Водонепроницаемый планшет с высоким качеством сборки.'),
(35, 'HP', 'Elite x2 1012 G1', 'Corporate Black', 'Intel Atom x7-Z8700', 4, 64, 10.1, 'Корпоративный планшет с хорошей автономностью.');

INSERT INTO parts (product_id, name, model, color, size, weight, description) VALUES
(36, 'Телефонный чехол', 'CaseMate Hybrid Armor', 'Черный', 'Стандартный', 0.08, 'Прочный защитный чехол для iPhone 14 Pro Max.'),
(37, 'Фитнес-браслет', 'Garmin Vivofit Jr.', 'Голубой', 'XS/S/M/L', 0.03, 'Детский фитнес-трекер с водостойкостью и родительским контролем.'),
(38, 'Кабель зарядки', 'Anker PowerLine II', 'Белый', '1 метр', 0.02, 'Быстрая зарядка USB-C для Android и iOS.'),
(39, 'Беспроводная зарядка', 'Belkin Boost Up', 'Серебряный', '10 см × 10 см', 0.25, 'Универсальная беспроводная зарядка мощностью 10 Вт.'),
(40, 'Наушники Bluetooth', 'JBL Live 300BT', 'Красный', '-', 0.12, 'Спортивные наушники с микрофоном и длительным временем работы батареи.'),
(41, 'Power Bank', 'RAVPower PD Pioneer', 'Синий', '14×7×2 см', 0.30, 'Портативный аккумулятор с быстрой зарядкой и двумя выходами USB-A.'),
(42, 'Автомобильный держатель', 'Spigen MagMount', 'Серебристый', 'Диаметр магнита 3 см', 0.05, 'Удобный магнитный автомобильный держатель для смартфонов.'),
(43, 'Экшн-камера', 'GoPro Hero 10', 'Черный', 'Размеры камеры: 6.4 × 4.6 × 3.2 см', 0.14, 'Компактная экшн-камера с защитой от воды и ударопрочным корпусом.'),
(44, 'Монопод', 'Joby GorillaPod Focus', 'Металлик', 'Длина 18 см', 0.18, 'Гибкий штатив-монопод для камер и смартфонов.'),
(45, 'Дрон', 'DJI Mini 2', 'Белый', 'Вес дрона: 249 г', 0.25, 'Компактный дрон с функцией съемки FullHD и дальностью полёта до 10 км.');